stt,name,age,img,link
1,Gợi ý cho STT 1,82,https://down-cvs-vn.img.susercontent.com/senior-product.webp,https://s.shopee.vn/InstaxMiniEvo
2,Gợi ý cho STT 2,78,https://down-cvs-vn.img.susercontent.com/senior-product.webp,https://s.shopee.vn/InstaxMiniEvo
3,Gợi ý cho STT 3,55,https://down-cvs-vn.img.susercontent.com/senior-product.webp,https://s.shopee.vn/InstaxMiniEvo
4,Gợi ý cho STT 4,45,https://down-cvs-vn.img.susercontent.com/senior-product.webp,https://s.shopee.vn/InstaxMiniEvo
5,Gợi ý cho STT 5,12,https://down-zl-vn.img.susercontent.com/vn-11134207-820l4-mj5e3i67rx8lbe.webp,https://s.shopee.vn/3B1fCEuDYo
8,Gợi ý cho STT 8,52,https://down-cvs-vn.img.susercontent.com/senior-product.webp,https://s.shopee.vn/InstaxMiniEvo
9,Gợi ý cho STT 9,53,https://down-cvs-vn.img.susercontent.com/senior-product.webp,https://s.shopee.vn/InstaxMiniEvo
10,Gợi ý cho STT 10,26,https://down-zl-vn.img.susercontent.com/vn-11134207-820l4-mj5e3i67rx8lbe.webp,https://s.shopee.vn/3B1fCEuDYo
11,Gợi ý cho STT 11,21,https://down-zl-vn.img.susercontent.com/vn-11134207-820l4-mj5e3i67rx8lbe.webp,https://s.shopee.vn/3B1fCEuDYo
12,Gợi ý cho STT 12,48,https://down-cvs-vn.img.susercontent.com/senior-product.webp,https://s.shopee.vn/InstaxMiniEvo
13,Gợi ý cho STT 13,48,https://down-cvs-vn.img.susercontent.com/senior-product.webp,https://s.shopee.vn/InstaxMiniEvo
14,Gợi ý cho STT 14,16,https://down-zl-vn.img.susercontent.com/vn-11134207-820l4-mj5e3i67rx8lbe.webp,https://s.shopee.vn/3B1fCEuDYo
16,Gợi ý cho STT 16,66,https://down-cvs-vn.img.susercontent.com/senior-product.webp,https://s.shopee.vn/InstaxMiniEvo
17,Gợi ý cho STT 17,43,https://down-cvs-vn.img.susercontent.com/senior-product.webp,https://s.shopee.vn/InstaxMiniEvo
18,Gợi ý cho STT 18,25,https://down-zl-vn.img.susercontent.com/vn-11134207-820l4-mj5e3i67rx8lbe.webp,https://s.shopee.vn/3B1fCEuDYo
19,Gợi ý cho STT 19,78,https://down-cvs-vn.img.susercontent.com/senior-product.webp,https://s.shopee.vn/InstaxMiniEvo
20,Gợi ý cho STT 20,30,https://down-zl-vn.img.susercontent.com/vn-11134207-820l4-mj5e3i67rx8lbe.webp,https://s.shopee.vn/3B1fCEuDYo
21,Gợi ý cho STT 21,62,https://down-cvs-vn.img.susercontent.com/senior-product.webp,https://s.shopee.vn/InstaxMiniEvo
22,Gợi ý cho STT 22,52,https://down-cvs-vn.img.susercontent.com/senior-product.webp,https://s.shopee.vn/InstaxMiniEvo
23,Gợi ý cho STT 23,80,https://down-cvs-vn.img.susercontent.com/senior-product.webp,https://s.shopee.vn/InstaxMiniEvo
24,Gợi ý cho STT 24,69,https://down-cvs-vn.img.susercontent.com/senior-product.webp,https://s.shopee.vn/InstaxMiniEvo
25,Gợi ý cho STT 25,72,https://down-cvs-vn.img.susercontent.com/senior-product.webp,https://s.shopee.vn/InstaxMiniEvo
26,Gợi ý cho STT 26,71,https://down-cvs-vn.img.susercontent.com/senior-product.webp,https://s.shopee.vn/InstaxMiniEvo
27,Gợi ý cho STT 27,72,https://down-cvs-vn.img.susercontent.com/senior-product.webp,https://s.shopee.vn/InstaxMiniEvo
28,Gợi ý cho STT 28,68,https://down-cvs-vn.img.susercontent.com/senior-product.webp,https://s.shopee.vn/InstaxMiniEvo
29,Gợi ý cho STT 29,46,https://down-cvs-vn.img.susercontent.com/senior-product.webp,https://s.shopee.vn/InstaxMiniEvo
30,Gợi ý cho STT 30,43,https://down-cvs-vn.img.susercontent.com/senior-product.webp,https://s.shopee.vn/InstaxMiniEvo
31,Gợi ý cho STT 31,16,https://down-zl-vn.img.susercontent.com/vn-11134207-820l4-mj5e3i67rx8lbe.webp,https://s.shopee.vn/3B1fCEuDYo
32,Gợi ý cho STT 32,36,https://down-zl-vn.img.susercontent.com/vn-11134207-820l4-mj5e3i67rx8lbe.webp,https://s.shopee.vn/3B1fCEuDYo
33,Gợi ý cho STT 33,22,https://down-zl-vn.img.susercontent.com/vn-11134207-820l4-mj5e3i67rx8lbe.webp,https://s.shopee.vn/3B1fCEuDYo
