M√£ s·∫£n ph·∫©m,T√™n s·∫£n ph·∫©m,Gi√°,Doanh thu,T√™n c·ª≠a h√†ng,T·ªâ l·ªá hoa h·ªìng,Hoa h·ªìng,Link s·∫£n ph·∫©m,Link ∆∞u ƒë√£i
11526582452,"T·ªïng h·ª£p ƒë·ªì ch∆°i nh√† t·∫Øm cho b√©, ƒë·ªì ch∆°i phun n∆∞·ªõc trong ph√≤ng t·∫Øm","79,0k",50k+,ƒê·ªì Ch∆°i ZOZO,"7,5%",‚Ç´5.530,https://shopee.vn/product/466965128/11526582452,https://s.shopee.vn/8zz5f3uoHA
27602165886,"[ Combo 12 ] Cu·ªôn TuÃÅi Nilong 500gr ƒêen - T·ª± Ph√¢n H·ªßy, Si√™u D√†y, Ti·ªán L·ª£i Cho Gia ƒê√¨nh","27,0k",10k+,HAPPY&HOUSES,"14,5%",‚Ç´3.780,https://shopee.vn/product/375938299/27602165886,https://s.shopee.vn/9AIVrMuAwD
25335711978,(KID)Th√πng 10 g√≥i khƒÉn ∆∞·ªõt Gumi kh√¥ng c·ªìn kh√¥ng parabens cao c·∫•p d√†nh cho em b√©.,"102,0k",50k+,Gumivn,"14,5%",‚Ç´14.280,https://shopee.vn/product/801176484/25335711978,https://s.shopee.vn/8fMFGRw4x8
49652048371,S√°ch - H∆∞·ªõng d·∫´n ch·∫©n ƒëo√°n v√† ƒëi·ªÅu tr·ªã c√°c b·ªánh da li·ªÖu,"679,0k",8,An H∆∞ng Books,"4,5%",‚Ç´27.160,https://shopee.vn/product/493293530/49652048371,https://s.shopee.vn/8pffSkvRcB
29915916036,"COMBO 3 Th·∫£m N·ªâ Lau Ch√¢n L√¥ng C·ª´u M·ªÅm Th·∫•m H√∫t ƒê·ªÉ C·ª≠a Ra V√†o, Nh√† T·∫Øm Nh√† B·∫øp -2H9","14,5k",10k+,Gia D·ª•ng 2H,"6,5%",‚Ç´870,https://shopee.vn/product/1124996528/29915916036,https://s.shopee.vn/8KjOrpxLd6
29155800986,N∆∞·ªõc gi·∫∑t Hygiene Expert Wash Th√°i Lan 1800ml si√™u s·∫°ch si√™u th∆°m h∆∞∆°ng n∆∞·ªõc hoa,"98,0k",300k+,Wash & Care,"16,5%",‚Ç´15.680,https://shopee.vn/product/717154345/29155800986,https://s.shopee.vn/8V2p48wiI9
29621819566,Th√πng 10 g√≥i khƒÉn u·ªõt 80 t·ªù Gumi kh√¥ng c·ªìn kh√¥ng parabens cao c·∫•p d√†nh cho em b√©,"165,0k",40k+,Gumivn,"14,5%",‚Ç´23.100,https://shopee.vn/product/801176484/29621819566,https://s.shopee.vn/806YTDycJ4
41721045374,S√°ch - Gi·∫£ ƒê·ª©ng ƒê·∫Øn - T·∫≠p 1 2 - B·∫£n th∆∞·ªùng / B·∫£n ƒë·∫∑c bi·ªát - AZ Vi·ªát Nam,"166,5k",12,HD Manga,"8,5%",‚Ç´13.320,https://shopee.vn/product/42988345/41721045374,https://s.shopee.vn/8APyfWxyy7
41317341034,"[GI√Å S·ªà] Combo 50-100 L·ªìng ƒê√®n Gi·∫•y T·ªï Ong ƒê·ªè Trang Tr√≠ T·∫øt 2026 - Decor Nh√† C·ª≠a, Qu√°n Cafe, Background S√¢n Kh·∫•u","29,9k",10k+,Happy Decor,"14,5%",‚Ç´4.186,https://shopee.vn/product/1613675798/41317341034,https://s.shopee.vn/AKUTFVpjZY
25933721313,"M√°y H√∫t B·ª•i Gi∆∞·ªùng N·ªám  L√†m S·∫°ch B·ª•i Ga Gi∆∞·ªùng, L√¥ng Ch√≥ M√®o C·∫ßm Tay T√≠ch ƒêi·ªán UV Di·ªát Khu·∫©n","366,0k",100k+,Gwell Store VN,"12,5%",‚Ç´43.920,https://shopee.vn/product/718612388/25933721313,https://s.shopee.vn/AUntRop6Eb
27801341187,"X·ªãt kh√°ng khu·∫©n d·ªãu da DIZIGONE Baby 300ml: X·ªãt tay ch√¢n, ƒë·ªì g·∫∑m n∆∞·ªõu, ƒë·ªì ch∆°i, ƒë·ªì d√πng c·ªßa b√©, ph√≤ng b·ªánh cho b√©","165,0k",40k+,Dizigone Official,"14,5%",‚Ç´23.100,https://shopee.vn/product/326118650/27801341187,https://s.shopee.vn/9zrcqtr0FW
43477911654,S√°ch - B·ªô ƒê·ªÅ √în Thi L·ªõp 10 M√¥n To√°n VƒÉn Anh D√†nh Cho H·ªçc Sinh L·ªõp 9 L√™n L·ªõp 10,"170,0k",10,TOBOOK,"4,5%",‚Ç´6.800,https://shopee.vn/product/1577779436/43477911654,https://s.shopee.vn/AAB33CqMuZ
41804218701,"[Th√πng 300 C√°i] Kh·∫©u Trang 5D, Kh·∫©u Trang Ch·ªëng Tia UV, Kh·∫©u Trang Y T·∫ø L·ªçc B·ª•i M·ªãn, Ch·ªëng N·∫Øng Hannah Seyo Xanh Vi·ªát","99,0k",4k+,Hannah-Seyo HCM,"14,5%",‚Ç´13.860,https://shopee.vn/product/1486352761/41804218701,https://s.shopee.vn/9fEmSHsGvU
26970786889,100M D√¢y Led Nh√°y ƒêu·ªïi CHIP 2835 D√¢y led trang tr√≠ t·∫øt d√¢y led trang tr√≠ ngo√†i tr·ªùi T·∫∑ng k√®m ngu·ªìn,"85,0k",3k+,Led Kh√°nh Ng√¢n,"16,5%",‚Ç´13.600,https://shopee.vn/product/120161792/26970786889,https://s.shopee.vn/9pYCeardaX
27852918552,S·ªØa T·∫Øm G·ªôi To√†n Th√¢n Pigeon Cho B√© 2in1 700ml An To√†n Th∆°m D·ªãu Nh·∫π Cho Da B√©,"138,0k",4k+,Gi·∫∑t L√† Y√™u Th∆∞∆°ng,"16,5%",‚Ç´22.080,https://shopee.vn/product/718340863/27852918552,https://s.shopee.vn/9Kbw3ftXbS
3067995243,G·ªëi b·∫ßu c√°nh ti√™n Carekids g·ªëi b√† b·∫ßu gi·∫£m ƒëau l∆∞ng ƒë·ª° b·ª•ng cho b√† b·∫ßu m·ªôt gi·∫•c ng·ªß ngon Vipkid,"48,0k",70k+,VipKid-Gian h√†ng cho m·∫π v√† b√©,"6,5%",‚Ç´2.880,https://shopee.vn/product/20390895/3067995243,https://s.shopee.vn/9UvMFysuGV
50402911249,Truy·ªán - Monster Deluxe Edition ( Qu√† ),"136,9k",361,Ng·ªçc Huy Books,"7,5%",‚Ç´9.583,https://shopee.vn/product/721496535/50402911249,https://s.shopee.vn/6KyKUA4xgu
27917886849,Combo 12 M√≥n Trang Tr√≠ T·∫øt 2026 Set Decor Treo T∆∞·ªùng Ng√†y T·∫øt Ch·∫•t Li·ªáu Gi·∫•y Nhung ƒê·ªè In Ch·ªØ ƒêen Ph·ªß B√≥ng 1m2x2m,"99,0k",1k+,ƒê√¥ng x∆∞·ªüng T√¢n Thanh,"10,5%",‚Ç´9.900,https://shopee.vn/product/1016824956/27917886849,https://s.shopee.vn/6VHkgT4KLx
14815545042,"TƒÉm b√¥ng tr·∫ª em Vcool kh√°ng khu·∫©n ( h·ªôp 200 que, 400 que l√µi gi·∫•y) cho b√© s∆° sinh ngo√°y tai, m≈©i hanhdecalkhosimebe","18,0k",60k+,BABICO - Kho S·ªâ M·∫π B√©,"11,5%",‚Ç´1.980,https://shopee.vn/product/433883/14815545042,https://s.shopee.vn/60LU5Y6EMs
7988383802,"Tr√† D∆∞·ª°ng Nhan B·∫£y V·ªã An Nhi√™n thanh nhi·ªát, an th·∫ßn, sinh huy·∫øt d∆∞·ª°ng √¢m, Nguy√™n li·ªáu S·∫•y l·∫°nh","185,0k",10k+,Ti·ªám tr√† An Nhi√™n - Tea & More,"19,5%",‚Ç´35.150,https://shopee.vn/product/416741194/7988383802,https://s.shopee.vn/6AeuHr5b1v
19655436760,"T·∫©y d·∫ßu m·ª° nh√† b·∫øp, t·∫©y xoong n·ªìi,  h√∫t m√πi, b·∫øp gas, b·∫øp t·ª´, ƒë√°y xoong, ƒë√°y ch·∫£o HiKit 500ml","55,0k",200k+,ChƒÉm S√≥c Nh√† C·ª≠a,"19,5%",‚Ç´10.450,https://shopee.vn/product/793443307/19655436760,https://s.shopee.vn/50SyTkj14p
14815545042,"TƒÉm b√¥ng tr·∫ª em Vcool kh√°ng khu·∫©n ( h·ªôp 200 que, 400 que l√µi gi·∫•y) cho b√© s∆° sinh ngo√°y tai, m≈©i hanhdecalkhosimebe","18,0k",60k+,BABICO - Kho S·ªâ M·∫π B√©,"11,5%",‚Ç´1.980,https://shopee.vn/product/433883/14815545042,https://s.shopee.vn/2qOTtlrGTQ
21594868676,S√°ch - Razkids in r·ªùi t·ª´ Level AA ƒë·∫øn Level H - K√®m file nghe,"395,0k",290,T·ª¶ S√ÅCH NH√Ä AN,"13,5%",‚Ç´51.350,https://shopee.vn/product/734119334/21594868676,https://s.shopee.vn/2g53hSrtoP
27489325875,Roblox 99 Nights in the Forest [Mua m·ªôt t·∫∑ng hai] Tr√≤ ch∆°i kinh d·ªã B√∫p b√™ sang tr·ªçng G·ªëi b√∫p b√™ nai s·ª´ng t·∫•m Qu√† t·∫∑ng sinh nh·∫≠t cho tr·∫ª em,"149,1k",11,QingSeXiXi.vn,"4,5%",‚Ç´5.962,https://shopee.vn/product/891382435/27489325875,https://s.shopee.vn/3B1KINpznW
29300443002,"ICON b√†n h·ªçc g·∫•p g·ªçn B√†n l√†m vi·ªác cho m√°y t√≠nh x√°ch tay, th√≠ch h·ª£p cho sinh vi√™n v√† ng∆∞·ªùi ƒëi l√†m","56,7k",40k+,ICON-M,"14,5%",‚Ç´7.938,https://shopee.vn/product/1158229156/29300443002,https://s.shopee.vn/30hu64qd8V
24277782312,"Robot h√∫t b·ª•i th√¥ng minh KAW - Cao c·∫•p ch√≠nh h√£ng, l·ª±c h√∫t 3200Pa, l√†m s·∫°ch 200m¬≤, b·∫£o h√†nh 12 th√°ng","4,7tr",40k+,ENJOY LIFE VN,"11,5%",‚Ç´514.910,https://shopee.vn/product/541620823/24277782312,https://s.shopee.vn/3VeAgzoj7c
22077828376,B·ªô s·ªï ch√©p kinh Thanh T·∫©y: S√°m H·ªëi - D∆∞·ª£c S∆∞ - Ch√∫ ƒê·∫°i Bi,"450,0k",93,S·ªï ch√©p Kinh Tr√≠ Hu·ªá,"34,5%",‚Ç´153.000,https://shopee.vn/product/974315185/22077828376,https://s.shopee.vn/3LKkUgpMSb
21081350503,"S·ªï tay ghi ch√©p Onery B√¨a Da PU - 360 Trang - Kh·ªï Gi·∫•y A5 - L√†m qu√† t·∫∑ng sang tr·ªçng, √Ω nghƒ©a","49,5k",10k+,Onery.Stationery,"13,5%",‚Ç´6.435,https://shopee.vn/product/1024364843/21081350503,https://s.shopee.vn/3qH15bnSRi
27153977933,"·ªî C·∫Øm ƒêi·ªán ƒêa NƒÉng GODWELL Ch·ªãu T·∫£i 2500W D√¢y D√†i 1.8-4m, C√≥ C·ªïng USB, Ch·ªët B·∫•m Ch·ªëng Gi·∫≠t An To√†n","52,0k",100k+,GodWell Vi·ªát Nam,"12,5%",‚Ç´6.240,https://shopee.vn/product/718541345/27153977933,https://s.shopee.vn/3fxatIo5mh
27801341187,"X·ªãt kh√°ng khu·∫©n d·ªãu da DIZIGONE Baby 300ml: X·ªãt tay ch√¢n, ƒë·ªì g·∫∑m n∆∞·ªõu, ƒë·ªì ch∆°i, ƒë·ªì d√πng c·ªßa b√©, ph√≤ng b·ªánh cho b√©","165,0k",40k+,Dizigone Official,"14,5%",‚Ç´23.100,https://shopee.vn/product/326118650/27801341187,https://s.shopee.vn/1Vt6JJwLBI
29275387583,S√°ch - V·ªü B√†i T·∫≠p To√°n 3 (K·∫øt n·ªëi tri th·ª©c v·ªõi cu·ªôc s·ªëng) - B√°n k√®m b√∫t #huongbook,"57,0k",40,HuongBook_S√°ch tham kh·∫£o,"4,5%",‚Ç´2.280,https://shopee.vn/product/910019566/29275387583,https://s.shopee.vn/1LZg70wyWH
29467840808,"[Th√πng 10 B·ªãch] Gi·∫•y ƒÇn R√∫t Treo T∆∞·ªùng SIPIAO Hoa M·∫´u ƒê∆°n T√≠m, KhƒÉn Gi·∫•y ƒÇn 4 L·ªõp, T·∫∑ng K√®m M√≥c Treo, B·ªãch/1000 T·ªù","40,2k",40k+,1997FINEMAX.VN,8%,‚Ç´3.213,https://shopee.vn/product/934890172/29467840808,https://s.shopee.vn/1qVwhvv4VO
22480047077,"‚≠êÔ∏è[ùë¥ùíäùíÜÃÇÃÉùíè ùë∫ùíäÃÅùíë]Xe ƒê·∫©y G·∫•p G·ªçn Cho B√© Y√™u, B√© ƒêi Du L·ªãch ƒêi Ch∆°i Si√™u G·ªçn Nh·∫π-t·∫∑ng mi·∫øng l√≥t","285,0k",80k+,shopbaochau.,"4,5%",‚Ç´11.400,https://shopee.vn/product/1073036789/22480047077,https://s.shopee.vn/1gCWVcvhqN
24901782957,"[H√†ng cao c·∫•p - Set 48 li·ªÖng] Li·ªÖng trang tr√≠ C√ÇU CH√öC T·∫øt 2026 tag trang tr√≠ d√¢y treo ƒê√†o, Mai ng√†y T·∫øt B√≠nh Ng·ªç 2026","25,0k",6k+,Dang Store 89,"16,5%",‚Ç´4.000,https://shopee.vn/product/841260549/24901782957,https://s.shopee.vn/2B8n6XtnpU
23663166321,K√©t s·∫Øt mini v√¢n tay th√¥ng minh cho b√© m·∫´u m·ªõi 2023,"275,0k",45,shop_hm,"13,5%",‚Ç´35.750,https://shopee.vn/product/1082640140/23663166321,https://s.shopee.vn/20pMuEuRAT
27210287148,K√®m Qu·∫ßn √Åo D√†i ƒê√¥i Cho B√© √Åo D√†i T·∫øt C√°ch T√¢n Truy·ªÅn Th·ªëng Anh Em M√†u V√†ng May M·∫Øn V·∫£i Latin Cao C·∫•p M·ªÅm M·ªãn Da B√©,"154,3k",4k+,√Åo D√†i Gia ƒê·ªãnh,6%,‚Ç´9.259,https://shopee.vn/product/1164535047/27210287148,https://s.shopee.vn/2VldV9sX9a
24934240310,"ƒê√®n S∆∞·ªüi Nh√† T·∫Øm Kottmann 2 B√≥ng V√† 3 B√≥ng N√≥ng Si√™u Nhanh, Ch·ªëng ·∫®m, C√°ch ƒêi·ªán, Ch·ªëng Ch√°y N·ªï","52,0k",300k+,GIA D·ª§NG GREEN HOME,"17,5%",‚Ç´8.840,https://shopee.vn/product/723336953/24934240310,https://s.shopee.vn/2LSDIqtAUZ
24116209885,"H·ªôp ƒê·ª±ng C∆°m Gi·ªØ Nhi·ªát 3 T·∫ßng T·∫∑ng K√®m ƒê≈©a Th√¨a, H·ªôp C∆°m VƒÉn Ph√≤ng Ti·ªán L·ª£i","99,0k",2k+,Gia D·ª•ng Linh Quy·∫øt,"40,5%",‚Ç´39.600,https://shopee.vn/product/634300120/24116209885,https://s.shopee.vn/BNiis1PtA
41060673299,‚ú®M·ªõi‚ú® Roblox Sang Tr·ªçng B√∫p B√™ 99 ƒê√™m Trong R·ª´ng H∆∞∆°u Sang Tr·ªçng ƒê·ªì Ch∆°i Qu√† T·∫∑ng Sinh Nh·∫≠t Tr·∫ª Em Nh·ªìi B√¥ng M·ªÅm Qu√† T·∫∑ng C·∫∑p ƒê√¥i Qu√† T·∫∑ng Halloween,"123,3k",42,Inhor.vn,"6,5%",‚Ç´7.398,https://shopee.vn/product/894736478/41060673299,https://s.shopee.vn/14IWZ23E9
26413938904,"T·∫Øc G·ª´ng M·∫≠t Ong L·∫°c Y√™n Foods ‚Äì Th·∫£o M·ªôc T·ª± Nhi√™n H·ªó Tr·ª£ Gi·ªØ ·∫§m C∆° Th·ªÉ, L√†nh T√≠nh, Ph√π H·ª£p Cho M·∫π B·∫ßu","158,0k",4k+,L·∫°c Y√™n Foods,"16,5%",‚Ç´25.280,https://shopee.vn/product/299957342/26413938904,https://s.shopee.vn/W0Z7U09DG
20892375873,"L√¥ 3 cu·ªôn t√∫i r√°c m√†u (1kg) t√∫i ƒë·ª±ng r√°c sinh h·ªçc t·ª± ph√¢n h·ªßy, th√†nh t√∫i d√†y h·∫°n ch·∫ø r·ªâ n∆∞·ªõc","21,8k",100k+,TI·ªÜM GIA D·ª§NG THE ONE,"8,5%",‚Ç´1.740,https://shopee.vn/product/701911364/20892375873,https://s.shopee.vn/LhGpmlhB5
1987752054,"[1kg] tuÃÅi ƒëuÃõÃ£ng raÃÅc c√≥ quai, bao r√°c ƒëen t·ª± ph√¢n h·ªßy, tuÃÅi nilong duÃõÃ£ng haÃÄng si√™u dai, sire 5kg,10kg,20kg,30kg,50kg","33,0k",100k+,Fu999,"4,5%",‚Ç´1.320,https://shopee.vn/product/29936044/1987752054,https://s.shopee.vn/qdXQhjnAC
28724320465,"L√¥ t√∫i r√°c ti·ªán d·ª•ng Inochi (4 cu·ªôn) - T√∫i r√°c ƒëen/m√†u t·ª± h·ªßy, an to√†n , c√≥ quai x√°ch ti·ªán l·ª£i","63,2k",20k+,Inochi Vi·ªát Nam Mall,"14,5%",‚Ç´8.848,https://shopee.vn/product/634792583/28724320465,https://s.shopee.vn/gK7EOkQVB
18696382065,COMBO 15 Cu·ªôn T√∫i ƒê·ª±ng R√°c ƒêen KONOHA T·ª± Ph√¢n H·ªßy - B·ªãch ƒê·ª±ng R√°c K√≠ch Th∆∞·ªõc 55*65CM,"21,0k",70k+,Gia D·ª•ng Ti·ªán √çch KONOHA,"9,5%",‚Ç´1.890,https://shopee.vn/product/724644824/18696382065,https://s.shopee.vn/1BGNpJiWUI
25892454268,T√∫i ƒë·ª±ng r√°c c√≥ d√¢y r√∫t SWEET HOME t√∫i r√°c t·ª± ph√¢n h·ªßy  size 55x60 cm c√≥ quai x√°ch v√† ch·ªëng r√≤ n∆∞·ªõc,"60,8k",20k+,Sweet home 92,"14,5%",‚Ç´8.506,https://shopee.vn/product/528677227/25892454268,https://s.shopee.vn/10wxd0j9pH
26577017286,"T√∫i ƒê·ª±ng R√°c T·ª± Ph√¢n H·ªßy HGHOME C·ª° L·ªõn 55x65cm, Cu·ªôn D√†y D·∫∑n Kh√¥ng L√µi Ti·ªán D·ª•ng Cho Gia ƒê√¨nh","22,0k",30k+,Gia D·ª•ng H√† N·ªôi 86,"12,5%",‚Ç´2.640,https://shopee.vn/product/1407976733/26577017286,https://s.shopee.vn/1VtEDvhFoO
16539778234,Set 3 cu·ªôn t√∫i r√°c ƒëen t·ª± ph√¢n h·ªßy k√≠ch th∆∞·ªõc 55x65cm,"29,4k",80k+,T√≠n Phong Shop,"19,5%",‚Ç´5.586,https://shopee.vn/product/126828504/16539778234,https://s.shopee.vn/1LZo1cht9N
25938916220,B·ªãch 50 T√∫i ƒê·ª±ng R√°c H∆∞∆°ng Ng·∫£i C·ª©u Ch·ªëng C√¥n Tr√πng Ru·ªìi Mu·ªói JYoohome T√∫i R√°c T·ª± H·ªßy C√≥ D√¢y R√∫t,"25,0k",10k+,JYooHome Official Store,"14,5%",‚Ç´3.500,https://shopee.vn/product/745623397/25938916220,https://s.shopee.vn/1qW4cXfz8U
24819102380,SET 3 CU·ªòN T√öI ƒê·ª∞NG R√ÅC T·ª∞ PH√ÇN H·ª¶Y SINH 55x65 cm,"6,4k",500k+,Shop¬†ƒê·ªì Gia D·ª•ng Linh Chi,"7,5%",‚Ç´446,https://shopee.vn/product/1205484883/24819102380,https://s.shopee.vn/1gCeQEgcTT
40756143394,Combo 5 S√©t 15 Cu·ªôn t√∫i ƒë·ª±ng r√°c ƒëen t·ª± ph√¢n h·ªßy Size ƒë·∫°i 55x65 cm  - 2H9,"11,1k",10k+,Gia D·ª•ng 2H,"6,5%",‚Ç´668,https://shopee.vn/product/1124996528/40756143394,https://s.shopee.vn/2B8v19eiSa
8235596190,T√∫i r√°c ƒëen 2 quai ti·ªán d·ª•ng (4 cu·ªôn 1 kg)INOCHI t·ª± h·ªßy th√¢n thi·ªán m√¥i tr∆∞·ªùng nhi·ªÅu Size 10L-25L-50L,"59,3k",10k+,INOCHI    ,"14,5%",‚Ç´8.295,https://shopee.vn/product/415026290/8235596190,https://s.shopee.vn/20pUoqfLnZ
27602165886,"[ Combo 12 ] Cu·ªôn TuÃÅi Nilong 500gr ƒêen - T·ª± Ph√¢n H·ªßy, Si√™u D√†y, Ti·ªán L·ª£i Cho Gia ƒê√¨nh","27,0k",10k+,HAPPY&HOUSES,"14,5%",‚Ç´3.780,https://shopee.vn/product/375938299/27602165886,https://s.shopee.vn/2VllPldRmg
27588851347,"12 Cu·ªôn (4 b·ªãch) T√∫i ƒê·ª±ng R√°c ƒêen K√≠ch Th∆∞·ªõc L·ªõn 65x55cm T·ª± Ph√¢n H·ªßy, Th√¢n Thi·ªán V·ªõi M√¥i Tr∆∞·ªùng","14,2k",30k+,T·ªïng kho gia d·ª•ng Kim Chi,"6,5%",‚Ç´850,https://shopee.vn/product/1423867958/27588851347,https://s.shopee.vn/2LSLDSe57f
3818052453,Combo 03 T√∫i R√°c T·ª± Ph√¢n H·ªßy M√ÄU ƒêEN - 3 Cu·ªôn/1kg - ƒê∆∞·ª£c Ch·ªçn Size,"19,9k",70k+,SI√äU TH·ªä MINI 247,"14,5%",‚Ç´2.786,https://shopee.vn/product/32915930/3818052453,https://s.shopee.vn/2qOboNcB6m
28127772958,SET 3 CU·ªòN T√öI ƒê·ª∞NG R√ÅC T·ª∞ PH√ÇN H·ª¶Y SINH 55x65 cm,"6,9k",20k+,gangtay vic,"13,5%",‚Ç´897,https://shopee.vn/product/1484945919/28127772958,https://s.shopee.vn/2g5Bc4coRl
28552986203,"Combo 3 t√∫i 9 cu·ªônƒë·ª±ng r√°c ƒëen t·ª± ph√¢n h·ªßy ,T√∫i r√°c cu·ªôn size Trung (55x65cm) an to√†n gi·ªØ v·ªá sinh m√¥i tr∆∞·ªùng","12,9k",50k+,T·ªïng Kho S·ªâ Nh√† B·∫øp,"6,5%",‚Ç´774,https://shopee.vn/product/1281824435/28552986203,https://s.shopee.vn/3B1SCzauQs
20756706096,T√∫i ƒê·ª±ng R√°c [COMBO 9 CU·ªòN] T·ª± Ph√¢n H·ªßy Size 55cmx65cm Bao ƒê·ª±ng R√°c ƒêen Sinh H·ªçc B·∫£o V·ªá M√¥i Tr∆∞·ªùng,"21,9k",40k+,Shop Si√™u R·∫ª 2020,"9,5%",‚Ç´1.971,https://shopee.vn/product/181087642/20756706096,https://s.shopee.vn/30i20gbXlr
24922793076,SET 3 CU·ªòN T√öI ƒê·ª∞NG R√ÅC T·ª∞ PH√ÇN H·ª¶Y SINH 55x65 cm,"4,0k",80k+,t√∫i r√°c ƒëen,"7,5%",‚Ç´280,https://shopee.vn/product/898061460/24922793076,https://s.shopee.vn/3VeIbbZdky
25803030977,"75 c√°i t√∫i r√°c d√¢y r√∫t d√†y, t√∫i r√°c t·ª± h·ªßy sinh h·ªçc 45x50 cm, t√∫i nh·ª±a c·∫ßm tay kh√¥ng b·∫©n","38,0k",20k+, Neighbor Supermarket ,"7,5%",‚Ç´2.660,https://shopee.vn/product/989111446/25803030977,https://s.shopee.vn/3LKsPIaH5x
24923834573,SET 3 CU·ªòN T√öI ƒê·ª∞NG R√ÅC T·ª∞ PH√ÇN H·ª¶Y An L√†nh,"13,7k",10k+,Gi√° R·∫ª M·ªói Ng√†y68,"6,5%",‚Ç´823,https://shopee.vn/product/1230404778/24923834573,https://s.shopee.vn/3qH90DYN54
24025862668,"(BAO B√å M·ªöI) Gi·∫•y ƒÉn r√∫t Top Gia S·∫Øc H·∫°, khƒÉn gi·∫•y 4 l·ªõp d·∫≠p v√¢n 4D ch·∫Øc ch·∫Øn si√™u dai","62,0k",90k+,TopGia HCM,"12,5%",‚Ç´7.440,https://shopee.vn/product/729014007/24025862668,https://s.shopee.vn/AUo4ZnSBD1
42618391133,ƒêi·ªán tho·∫°i Apple iPhone 17 Pro 256GB,"35,0tr",3k+,Apple Flagship Store,"4,5%",‚Ç´1.399.960,https://shopee.vn/product/88201679/42618391133,https://s.shopee.vn/9Kc7BeWcZo
22657169114,B·ªô n·ªâ b√¥ng qu·∫ßn √°o thu ƒë√¥ng cho b√© trai b√© g√°i d√†y d·∫∑n h√¨nh in g·∫•u d·ªÖ th∆∞∆°ng t·ª´ 10 ƒë·∫øn 33kg,"106,8k",1k+,BiMia.Kids,10%,‚Ç´10.680,https://shopee.vn/product/978815190/22657169114,https://s.shopee.vn/9UvXNxVzEr
40274499253,ƒê√®n L·ªìng Treo C√¢y Decor T·∫øt Trang Tr√≠ Nh√† C·ª≠a Ng√†y T·∫øt  Trung Thu Gi√°ng Sinh,"7,5k",30k+,Cam.Decor,"11,5%",‚Ç´825,https://shopee.vn/product/1031330925/40274499253,https://s.shopee.vn/9fExaGVLtu
26251684281,Kokiya 6.35mm ƒë·∫øn 3.5mm TRS D√¢y c√°p √¢m thanh n·ªïi B·ªô chuy·ªÉn ƒë·ªïi Coverter cho thi·∫øt b·ªã r·∫°p h√°t t·∫°i nh√†,"85,8k",31,kokiya,"6,5%",‚Ç´5.148,https://shopee.vn/product/1202844870/26251684281,https://s.shopee.vn/9pYNmZUiYx
25686422164,"B·ªò N·ªíI ƒê·ª®C 6 M√ìN , B·ªò N·ªíI INOX VUNG K√åNH C∆Ø·ªúNG L·ª®C D√ôNG CHO M·ªåI LO·∫†I B·∫æP","505,0k",20k+,shopivy01,"7,5%",‚Ç´35.350,https://shopee.vn/product/914756445/25686422164,https://s.shopee.vn/8fMQOQZ9vk
29205801036,N∆∞·ªõc x·∫£ v·∫£i Hygiene Th√°i Lan ƒë·∫≠m ƒë·∫∑c l∆∞u h∆∞∆°ng l√¢u h∆∞∆°ng hoa t·ª± nhi√™n ch√≠nh h√£ng,"78,0k",300k+,Wash & Care,"16,5%",‚Ç´12.480,https://shopee.vn/product/717154345/29205801036,https://s.shopee.vn/8pfqajYWan
3067995243,G·ªëi b·∫ßu c√°nh ti√™n Carekids g·ªëi b√† b·∫ßu gi·∫£m ƒëau l∆∞ng ƒë·ª° b·ª•ng cho b√† b·∫ßu m·ªôt gi·∫•c ng·ªß ngon Vipkid,"39,0k",70k+,VipKid-Gian h√†ng cho m·∫π v√† b√©,"6,5%",‚Ç´2.340,https://shopee.vn/product/20390895/3067995243,https://s.shopee.vn/8zzGn2XtFq
27877392183,ƒê√®n Led C√†nh Hoa ƒê√†o Trang Tr√≠ Nh√† D√°n T∆∞·ªùng 1 M√©t 6 72 B√¥ng 8 Ch·∫ø ƒê·ªô S√°ng,"261,3k",618,Mazichome.vn,"12,5%",‚Ç´31.350,https://shopee.vn/product/1472790896/27877392183,https://s.shopee.vn/9AIgzLXFut
26375229990,H√∫t M≈©i C·∫ßm Tay Cho Tr·∫ª S∆° Sinh - Thi·∫øt K·∫ø M·ªõi 2025,"50,0k",2k+,Shop N·ª• C∆∞·ªùi Nh·ªè,"12,5%",‚Ç´6.000,https://shopee.vn/product/1253674364/26375229990,https://s.shopee.vn/806jbCbhHg
28266256496,"K√¨m M·ªè Qu·∫° Nh·∫≠p Kh·∫©u ƒê·ª©c  10 inch, 12 inch Chuy√™n D·ª•ng Cho Th·ª£ ƒêi·ªán N∆∞·ªõc,Th·ª£ Chuy√™n Nghi·ªáp","89,5k",6,H∆∞∆°ng Shop 88,"19,5%",‚Ç´17.005,https://shopee.vn/product/1251482363/28266256496,https://s.shopee.vn/8AQ9nVb3wj
14439680395,(GIFT) G·∫•u b√¥ng tr√°i b∆° tr√≤n nh·ªè size 15cm cho b√© xinh cute G·∫•u Xinh G12.1,"36,0k",90k+,G·∫•u Xinh - G·∫•u B√¥ng Cao C·∫•p,"14,5%",‚Ç´5.040,https://shopee.vn/product/622469888/14439680395,https://s.shopee.vn/8KjZzoaQbm
19094980397,"Ch·ªïi Qu√©t Tr·∫ßn Nh√† JYoohome C√≥ ƒêi·ªÅu Ch·ªânh ƒê·ªô D√†i T·ªõi 2,8m C√¢y Ph·∫•t Tr·∫ßn Qu√©t M·∫°ng Nh·ªán, Lau B·ª•i B·∫©n","15,0k",70k+,JYooHome Official Store,"14,5%",‚Ç´2.100,https://shopee.vn/product/745623397/19094980397,https://s.shopee.vn/8V30C7ZnGp
26204865564,"M√°y Massage C·ªï Vai G√°y 6D GODWELL, G·ªëi Ch∆∞·ªùm ·∫§m 6 ƒê·∫ßu Massage, Gi·∫£m ƒêau M·ªèi Vai G√°y Cho Ng∆∞·ªùi L·ªõn","299,0k",100k+,GodWell Vi·ªát Nam,"12,5%",‚Ç´35.880,https://shopee.vn/product/718541345/26204865564,https://s.shopee.vn/7Kr2nyeEdc
51502349627,"[T·∫∑ng B·ªùm]√Åo D√†i T∆° Th√™u H·∫°c V≈© Qu·∫ßn L·ª•a ƒê·ªè ƒê√¥ K√®m C√†i 4-15 Kg,√Åo D√†i Cho B√© G√°i M·∫∑c L·ªÖ T·∫øt Quanh NƒÉm","186,0k",1k+,becungstore08,11%,‚Ç´20.460,https://shopee.vn/product/308839485/51502349627,https://s.shopee.vn/7VAT0HdbIf
42759600849,Pin KAMPRO ULTRA 15Cell 6.0Ah M·∫°ch 4 Mosfet B·∫£ng M·∫°ch To Ch·ªëng Ng·∫Øt T·∫£i C√≥ C·ªïng C·∫Øm USB C√≥ ƒê√®n Led B√°o Pin V·ªè ABS,"418,0k",58,Sonny Tools,"7,5%",‚Ç´29.260,https://shopee.vn/product/1326872955/42759600849,https://s.shopee.vn/7fTtCacxxi
27555781074,N∆∞∆°ÃÅc r∆∞Ãâa ch√©n ThaÃÅi Lan kh√¥ng muÃÄi 3600ml ch√≠nh h√£ng an to√†n cho da tay,"138,0k",300k+,S·∫°ch D·ªãu √äm,"14,5%",‚Ç´19.320,https://shopee.vn/product/718327527/27555781074,https://s.shopee.vn/7pnJOtcKcl
22248341413,"B√°nh thuy·ªÅn si√™u h·∫°t ƒÉn ki√™ng, b√°nh thuy·ªÅn mix h·∫°t dinh d∆∞·ª°ng Annut ƒÉn ki√™ng - T√∫i 500g","110,0k",3k+,N√¥ng S·∫£n Annut.,"14,5%",‚Ç´15.400,https://shopee.vn/product/502570441/22248341413,https://s.shopee.vn/6fbM0kglzY
28200539872,Nhi·ªát K·∫ø H·ªìng Ngo·∫°i ƒêo Nhi·ªát ƒê·ªô Tr√°n Sinocare AET-R1D1,"215,0k",1k+,SINOCARE VIETNAM OFFICIAL,"24,5%",‚Ç´51.600,https://shopee.vn/product/344696604/28200539872,https://s.shopee.vn/6pumD3g8eb
20477316356,Th√πng 10 g√≥i khƒÉn ∆∞·ªõt Gumi kh√¥ng c·ªìn kh√¥ng parabens cao c·∫•p d√†nh cho em b√©,"165,0k",1tr+,Gumi H·ªì Ch√≠ Minh,"14,5%",‚Ç´23.100,https://shopee.vn/product/864405042/20477316356,https://s.shopee.vn/70ECPMfVJe
24025862668,"(BAO B√å M·ªöI) Gi·∫•y ƒÉn r√∫t Top Gia S·∫Øc H·∫°, khƒÉn gi·∫•y 4 l·ªõp d·∫≠p v√¢n 4D ch·∫Øc ch·∫Øn si√™u dai","62,0k",90k+,TopGia HCM,"12,5%",‚Ç´7.440,https://shopee.vn/product/729014007/24025862668,https://s.shopee.vn/9pYNmcKdaj
42618391133,ƒêi·ªán tho·∫°i Apple iPhone 17 Pro 256GB,"35,0tr",3k+,Apple Flagship Store,"4,5%",‚Ç´1.399.960,https://shopee.vn/product/88201679/42618391133,https://s.shopee.vn/9Kc7BhMXbe
22657169114,B·ªô n·ªâ b√¥ng qu·∫ßn √°o thu ƒë√¥ng cho b√© trai b√© g√°i d√†y d·∫∑n h√¨nh in g·∫•u d·ªÖ th∆∞∆°ng t·ª´ 10 ƒë·∫øn 33kg,"106,8k",1k+,BiMia.Kids,10%,‚Ç´10.680,https://shopee.vn/product/978815190/22657169114,https://s.shopee.vn/9UvXO0LuGh
40274499253,ƒê√®n L·ªìng Treo C√¢y Decor T·∫øt Trang Tr√≠ Nh√† C·ª≠a Ng√†y T·∫øt  Trung Thu Gi√°ng Sinh,"7,5k",30k+,Cam.Decor,"11,5%",‚Ç´825,https://shopee.vn/product/1031330925/40274499253,https://s.shopee.vn/AKUeNXIjZs
26251684281,Kokiya 6.35mm ƒë·∫øn 3.5mm TRS D√¢y c√°p √¢m thanh n·ªïi B·ªô chuy·ªÉn ƒë·ªïi Coverter cho thi·∫øt b·ªã r·∫°p h√°t t·∫°i nh√†,"85,8k",31,kokiya,"6,5%",‚Ç´5.148,https://shopee.vn/product/1202844870/26251684281,https://s.shopee.vn/AUo4ZqI6Ev
25686422164,"B·ªò N·ªíI ƒê·ª®C 6 M√ìN , B·ªò N·ªíI INOX VUNG K√åNH C∆Ø·ªúNG L·ª®C D√ôNG CHO M·ªåI LO·∫†I B·∫æP","505,0k",20k+,shopivy01,"7,5%",‚Ç´35.350,https://shopee.vn/product/914756445/25686422164,https://s.shopee.vn/9zrnyvK0Fq
29205801036,N∆∞·ªõc x·∫£ v·∫£i Hygiene Th√°i Lan ƒë·∫≠m ƒë·∫∑c l∆∞u h∆∞∆°ng l√¢u h∆∞∆°ng hoa t·ª± nhi√™n ch√≠nh h√£ng,"78,0k",300k+,Wash & Care,"16,5%",‚Ç´12.480,https://shopee.vn/product/717154345/29205801036,https://s.shopee.vn/AABEBEJMut
3067995243,G·ªëi b·∫ßu c√°nh ti√™n Carekids g·ªëi b√† b·∫ßu gi·∫£m ƒëau l∆∞ng ƒë·ª° b·ª•ng cho b√† b·∫ßu m·ªôt gi·∫•c ng·ªß ngon Vipkid,"39,0k",70k+,VipKid-Gian h√†ng cho m·∫π v√† b√©,"6,5%",‚Ç´2.340,https://shopee.vn/product/20390895/3067995243,https://s.shopee.vn/8KjZzrQLdY
27877392183,ƒê√®n Led C√†nh Hoa ƒê√†o Trang Tr√≠ Nh√† D√°n T∆∞·ªùng 1 M√©t 6 72 B√¥ng 8 Ch·∫ø ƒê·ªô S√°ng,"261,3k",618,Mazichome.vn,"12,5%",‚Ç´31.350,https://shopee.vn/product/1472790896/27877392183,https://s.shopee.vn/8V30CAPiIb
26375229990,H√∫t M≈©i C·∫ßm Tay Cho Tr·∫ª S∆° Sinh - Thi·∫øt K·∫ø M·ªõi 2025,"50,0k",2k+,Shop N·ª• C∆∞·ªùi Nh·ªè,"12,5%",‚Ç´6.000,https://shopee.vn/product/1253674364/26375229990,https://s.shopee.vn/806jbFRcJW
28266256496,"K√¨m M·ªè Qu·∫° Nh·∫≠p Kh·∫©u ƒê·ª©c  10 inch, 12 inch Chuy√™n D·ª•ng Cho Th·ª£ ƒêi·ªán N∆∞·ªõc,Th·ª£ Chuy√™n Nghi·ªáp","89,5k",6,H∆∞∆°ng Shop 88,"19,5%",‚Ç´17.005,https://shopee.vn/product/1251482363/28266256496,https://s.shopee.vn/8AQ9nYQyyZ
14439680395,(GIFT) G·∫•u b√¥ng tr√°i b∆° tr√≤n nh·ªè size 15cm cho b√© xinh cute G·∫•u Xinh G12.1,"36,0k",90k+,G·∫•u Xinh - G·∫•u B√¥ng Cao C·∫•p,"14,5%",‚Ç´5.040,https://shopee.vn/product/622469888/14439680395,https://s.shopee.vn/8zzGn5NoHk
19094980397,"Ch·ªïi Qu√©t Tr·∫ßn Nh√† JYoohome C√≥ ƒêi·ªÅu Ch·ªânh ƒê·ªô D√†i T·ªõi 2,8m C√¢y Ph·∫•t Tr·∫ßn Qu√©t M·∫°ng Nh·ªán, Lau B·ª•i B·∫©n","15,0k",70k+,JYooHome Official Store,"14,5%",‚Ç´2.100,https://shopee.vn/product/745623397/19094980397,https://s.shopee.vn/9AIgzONAwn
26204865564,"M√°y Massage C·ªï Vai G√°y 6D GODWELL, G·ªëi Ch∆∞·ªùm ·∫§m 6 ƒê·∫ßu Massage, Gi·∫£m ƒêau M·ªèi Vai G√°y Cho Ng∆∞·ªùi L·ªõn","299,0k",100k+,GodWell Vi·ªát Nam,"12,5%",‚Ç´35.880,https://shopee.vn/product/718541345/26204865564,https://s.shopee.vn/8fMQOTP4xi
51502349627,"[T·∫∑ng B·ªùm]√Åo D√†i T∆° Th√™u H·∫°c V≈© Qu·∫ßn L·ª•a ƒê·ªè ƒê√¥ K√®m C√†i 4-15 Kg,√Åo D√†i Cho B√© G√°i M·∫∑c L·ªÖ T·∫øt Quanh NƒÉm","186,0k",1k+,becungstore08,11%,‚Ç´20.460,https://shopee.vn/product/308839485/51502349627,https://s.shopee.vn/8pfqamORcl
42759600849,Pin KAMPRO ULTRA 15Cell 6.0Ah M·∫°ch 4 Mosfet B·∫£ng M·∫°ch To Ch·ªëng Ng·∫Øt T·∫£i C√≥ C·ªïng C·∫Øm USB C√≥ ƒê√®n Led B√°o Pin V·ªè ABS,"418,0k",58,Sonny Tools,"7,5%",‚Ç´29.260,https://shopee.vn/product/1326872955/42759600849,https://s.shopee.vn/70ECPPVQLQ
27555781074,N∆∞∆°ÃÅc r∆∞Ãâa ch√©n ThaÃÅi Lan kh√¥ng muÃÄi 3600ml ch√≠nh h√£ng an to√†n cho da tay,"138,0k",300k+,S·∫°ch D·ªãu √äm,"14,5%",‚Ç´19.320,https://shopee.vn/product/718327527/27555781074,https://s.shopee.vn/7AXcbiUn0T
22248341413,"B√°nh thuy·ªÅn si√™u h·∫°t ƒÉn ki√™ng, b√°nh thuy·ªÅn mix h·∫°t dinh d∆∞·ª°ng Annut ƒÉn ki√™ng - T√∫i 500g","110,0k",3k+,N√¥ng S·∫£n Annut.,"14,5%",‚Ç´15.400,https://shopee.vn/product/502570441/22248341413,https://s.shopee.vn/6fbM0nWh1O
28200539872,Nhi·ªát K·∫ø H·ªìng Ngo·∫°i ƒêo Nhi·ªát ƒê·ªô Tr√°n Sinocare AET-R1D1,"215,0k",1k+,SINOCARE VIETNAM OFFICIAL,"24,5%",‚Ç´51.600,https://shopee.vn/product/344696604/28200539872,https://s.shopee.vn/6pumD6W3gR
20477316356,Th√πng 10 g√≥i khƒÉn ∆∞·ªõt Gumi kh√¥ng c·ªìn kh√¥ng parabens cao c·∫•p d√†nh cho em b√©,"165,0k",1tr+,Gumi H·ªì Ch√≠ Minh,"14,5%",‚Ç´23.100,https://shopee.vn/product/864405042/20477316356,https://s.shopee.vn/7fTtCdSszc
24491019937,"KhƒÉn gi·∫•y v·ªá sinh treo t∆∞·ªùng Ti·ªÉu H·∫° 1000 t·ªù l√†m t·ª´ b·ªôt g·ªó thi√™n nhi√™n, an to√†n, 6 b·ªãch ho·∫∑c 10 b·ªãch","95,0k",200k+,TopGia HCM,"12,5%",‚Ç´11.400,https://shopee.vn/product/729014007/24491019937,https://s.shopee.vn/7pnJOwSFef
18275218474,"Heo HOT 3D tai v·ªÉnh l·ª£n ng·∫≠m ti·ªÅn size nh·ªè (C20xD17xR15) | qu√† t·∫∑ng, trang tr√≠, ·ªëng ti·∫øt ki·ªám ti·ªÅn TI·ªÜM HEO SODA","49,9k",5k+,Ti·ªám Heo ƒê·∫•t Soda,"14,5%",‚Ç´6.986,https://shopee.vn/product/34463018/18275218474,https://s.shopee.vn/7Kr2o1U9fa
41268214972,Apple iPhone 17 Pro 256GB Ch√≠nh h√£ng,"35,4tr",187,Viettel Store- AAR ,"4,5%",‚Ç´1.415.600,https://shopee.vn/product/308461157/41268214972,https://s.shopee.vn/7VAT0KTWKd
29816250410,"K√¨m ƒêi·ªán K√¨m B·∫•m, Tu·ªët D√¢y ƒêi·ªán ƒêa NƒÉng K√¨m RƒÉng M·ªè B·∫±ng Ch√≠nh H√£ng  8 inch - 20cm","57,5k",0,H∆∞∆°ng Shop 88,"19,5%",‚Ç´10.925,https://shopee.vn/product/1251482363/29816250410,https://s.shopee.vn/5fiooxaV3I
22146553799,"T·∫©y d·∫ßu m·ª° nh√† b·∫øp, t·∫©y n·ªìi, nh√† b·∫øp, h√∫t m√πi, b·∫øp gas, b·∫øp t·ª´, ƒë√°y xoong, ƒë√°y ch·∫£o HiKit 500g [Mua 1 t·∫∑ng 2]","65,0k",200k+,ChamSocGiaDinh_0404,"19,5%",‚Ç´12.350,https://shopee.vn/product/499934727/22146553799,https://s.shopee.vn/5q2F1GZriL
25724725714,"[H√ÄNG CAO C·∫§P] KhƒÉn ∆∞·ªõt Topgia 80 t·ªù m·ªÅm m·∫°i,kh√¥ng m√πi kh√¥ng parabens d√†nh cho em b√©","125,0k",30k+,TopGia HCM Store,"12,5%",‚Ç´15.000,https://shopee.vn/product/1016604648/25724725714,https://s.shopee.vn/5L5yQLbljG
29272443383,Set B·ªô Hoodie ch·∫•t li·ªáu N·ªâ c√≥ T√∫i v√† M≈© Vintage in ch·ªØ phong c√°ch H√†n Qu·ªëc d√†nh cho b√© Trai v√† b√© G√°i th·ªùi ti·∫øt thu ƒë√¥ng,"64,5k",7k+,B√© M·ª° STORE22,9%,‚Ç´5.805,https://shopee.vn/product/1187479947/29272443383,https://s.shopee.vn/5VPOceb8OJ
24987802265,"T√¥ V√≠t, Tua V√≠t 2 ƒê·∫ßu - Tu·ªëc N∆° V√≠t 2 ƒê·∫ßu S·ªë 6, S·ªë 8 d√†i 15cm V√† 20cm","21,5k",20,H∆∞∆°ng Shop 88,"19,5%",‚Ç´4.085,https://shopee.vn/product/1251482363/24987802265,https://s.shopee.vn/6KyVcBXxhU
53500314373,S√°ch - Ehon H·ªèi - ƒê√°p C√πng B√© - Song Ng·ªØ Vi·ªát Anh D√†nh Cho B√© T·ª´ 0-3 Tu·ªïi,"135,0k",531,S√°ch Hi·ªÉu Minh,"14,5%",‚Ç´18.900,https://shopee.vn/product/1332093960/53500314373,https://s.shopee.vn/6VHvoUXKMX
54952213353,·ªêp L∆∞ng iPhone Camera Vi·ªÅn Cao Lucky Girl T·∫øt 2026 Ch·ªëng S·ªëc Cao C·∫•p - iP 7/8/X/XS/XR/11/12/13/14/15/16/17/Air/Pro/Max,"17,9k",10k+,SHIN CASE - ·ªêP L∆ØNG C∆Ø·ªúNG L·ª∞C,"14,5%",‚Ç´2.506,https://shopee.vn/product/89827191/54952213353,https://s.shopee.vn/60LfDZZENS
29653202630,"M√°y H√∫t B·ª•i Gi∆∞·ªùng N·ªám GODWELL H√∫t L√¥ng Ch√≥ M√®o C·∫ßm Tay L√†m S·∫°ch B·ª•i Ga Gi∆∞·ªùng, Tia UV Di·ªát Khu·∫©n","365,0k",100k+,GodWell Vi·ªát Nam,"11,5%",‚Ç´40.150,https://shopee.vn/product/718541345/29653202630,https://s.shopee.vn/6Af5PsYb2V
27069251138,"üèÆ(mua 2 t·∫∑ng 1 d√¢y led10m) ƒë√®n l·ªìng ph·∫£n quang,kim c∆∞∆°ng xoay 360 ƒë·ªô thu h√∫t t√†i l·ªôc","225,0k",1k+,üçÄH·∫£i m√™ ƒë√®nüçÄ,"10,5%",‚Ç´22.500,https://shopee.vn/product/764072008/27069251138,https://s.shopee.vn/4LDREVfZlA
20535786857,"Qu·∫ßn T·∫•t Len Kh√¥ng B√†n M·ªÅm M·∫°i Cho B√© 3m-5y, Qu·∫ßn Legging Cho B√© Trai B√© G√°i - SABOMART","46,3k",40k+,SaBo Baby - M·∫π v√† B√©,5%,‚Ç´2.315,https://shopee.vn/product/298199900/20535786857,https://s.shopee.vn/4VWrQoewQD
42908295179,"√îÃâ CƒÉÃÅm Du LiÃ£ch to√†n c·∫ßu ANRMESUN, 25W 45W 65W c√¥ng su·∫•t,USB TypeC H·ªó tr·ª£ s·∫°c nhanh,B·∫£o v·ªá qu√° t·∫£i t√≠ch,4 LoaÃ£i Ch√¢n CƒÉ","163,0k",1k+,ANRMESUN ·ªî C·∫ÆM MALL,"20,5%",‚Ç´32.600,https://shopee.vn/product/1581390719/42908295179,https://s.shopee.vn/40aaptgqR8
28958617666,"Tr√† G·∫°o L·ª©t , ƒê·∫≠u ƒêen, Hoa Nh√†i, C·ªè Ng·ªçt, V·ª´ng ƒêen, ƒê·∫≠u ƒê·ªè, L√° N·∫øp H·ªôp 30 T√∫i L·ªçc","109,0k",4k+,Si√™u Th·ªã Thi√™n Nhi√™n Oficial,"24,5%",‚Ç´26.160,https://shopee.vn/product/86938441/28958617666,https://s.shopee.vn/4Au12CgD6B
28260366633,(KID)Th√πng 10 g√≥i khƒÉn ∆∞·ªõt Gumi kh√¥ng c·ªìn kh√¥ng parabens cao c·∫•p d√†nh cho em b√©.,"102,0k",500k+,Gumi H·ªì Ch√≠ Minh,"14,5%",‚Ç´14.280,https://shopee.vn/product/864405042/28260366633,https://s.shopee.vn/50T81jd2PM
10813895770,MEMBERGIFT - H√ÄNG T·∫∂NG KO B√ÅN - Son D∆∞·ª°ng D·∫ßu D·ª´a B·∫øn Tre Cocoon 5g,"500,0k",2k+,Cocoon Vietnam Ch√≠nh H√£ng,"12,5%",‚Ç´60.000,https://shopee.vn/product/175753395/10813895770,https://s.shopee.vn/5AmYE2cP4P
29721717752,[MUA 2 GI·∫¢M 34%] Combo D·∫ßu g·ªôi b∆∞·ªüi 310ml & N∆∞·ªõc d∆∞·ª°ng t√≥c tinh d·∫ßu b∆∞·ªüi Cocoon 140ml gi√∫p gi·∫£m g√£y r·ª•ng v√† l√†m m·ªÅm t√≥c,"423,0k",1k+,Cocoon Vietnam Ch√≠nh H√£ng,"12,5%",‚Ç´50.760,https://shopee.vn/product/175753395/29721717752,https://s.shopee.vn/4fqHd7eJ5K
22183344512,"ƒê√®n pin mini si√™u s√°ng, ƒë√®n led XML T6 full box h·ªôp k√®m pin v√† s·∫°c v·ªè kim lo·∫°i ch·∫Øc ch·∫Øn, ch·ªëng n∆∞·ªõc an to√†n","137,0k",30k+,Gia D·ª•ng Vi·ªát_Gi√° R·∫ª,"11,5%",‚Ç´15.070,https://shopee.vn/product/541497360/22183344512,https://s.shopee.vn/4q9hpQdfkN
22480047077,"‚≠êÔ∏è[ùë¥ùíäùíÜÃÇÃÉùíè ùë∫ùíäÃÅùíë]Xe ƒê·∫©y G·∫•p G·ªçn Cho B√© Y√™u, B√© ƒêi Du L·ªãch ƒêi Ch∆°i Si√™u G·ªçn Nh·∫π-t·∫∑ng mi·∫øng l√≥t","285,0k",80k+,shopbaochau.,"4,5%",‚Ç´11.400,https://shopee.vn/product/1073036789/22480047077,https://s.shopee.vn/30i3e3keT2
23660751290,G·ªëi ng·ªß c√¥ng th√°i h·ªçc PTLUXURY ch·ªëng ƒëau m·ªèi c·ªï vai g√°y h·∫°n ch·∫ø ng√°y gi√∫p gi·∫•c ng·ªß ngon,"75,0k",20k+,ƒê·ªí D√ôNG TI·ªÜN √çCH SG,"6,5%",‚Ç´4.500,https://shopee.vn/product/984839978/23660751290,https://s.shopee.vn/8zzQmv4N16
25951674892,100 Phong Bao L√¨ X√¨ T·∫øt ƒê·ªè 2026 Ch·ªçn M·∫´u V√† K√®m T√∫i B√≥ng M·∫´u Truy·ªÅn Th·ªëng ƒê√≥n T·∫øt B√≠nh Ng·ªç,"56,2k",845,babykid247,"19,5%",‚Ç´10.678,https://shopee.vn/product/75004324/25951674892,https://s.shopee.vn/9AIqzE3jg9
27779420342,"D·ª•ng c·ª• h√∫t m≈©i cho b√© k√©o tay ch·∫•t li·ªáu nh·ª±a nguy√™n sinh , l·ª±c h√∫t m·∫°nh , an to√†n cho b√© - PTLUXURY","75,0k",20k+,ƒê·ªí D√ôNG TI·ªÜN √çCH SG,"6,5%",‚Ç´4.500,https://shopee.vn/product/984839978/27779420342,https://s.shopee.vn/8fMaOJ5dh4
42859545836,M√°y H√∫t B·ª•i C·∫ßm Tay TAMASHIO Kh√¥ng D√¢y Nh·∫≠t B·∫£n 6 ƒê·∫ßu H√∫t B·∫£o H√†nh 12 Th√°ng SP01,"185,0k",50k+,H√öT B·ª§I N·ªòI ƒê·ªäA TRUNG,"17,5%",‚Ç´31.450,https://shopee.vn/product/1564606133/42859545836,https://s.shopee.vn/8pg0ac50M7
22259515682,S·ªØa t·∫Øm g·ªôi cho b√© Cetaphil Baby Gentle Wash & Shampoo 400ML & 230ML,"260,0k",9k+,QUEEN BEAUTY STORE,"12,5%",‚Ç´31.200,https://shopee.vn/product/4661111/22259515682,https://s.shopee.vn/8Kjjzh6uN2
29203780635,G·∫∑m n∆∞·ªõu silicone Emoon cao c·∫•p cho b√© si√™u m·ªÅm gi√∫p gi·∫£m ng·ª©a n∆∞·ªõu an to√†n cho b√© (C√≥ h·ªôp b·∫£o qu·∫£n),"145,0k",30k+,EMOON.House,"11,5%",‚Ç´15.950,https://shopee.vn/product/543229869/29203780635,https://s.shopee.vn/8V3AC06H25
22041736497,"( C√≥ S·∫µn )Gh·∫ø ng·ªìi √¥ t√¥ cao c·∫•p chu·∫©n ii-Size Qu·ªëc T·∫ø, b·∫£o h√†nh 2 nƒÉm , gh·∫ø ng·ªìi √¥ t√¥ honalife","1,9tr",20k+,Honalife Store,"6,5%",‚Ç´115.680,https://shopee.vn/product/240881396/22041736497,https://s.shopee.vn/806tb58B30
28314063511,ChƒÉn l√¥ng c·ª´u COCO m·ªÅm m·ªãn m·ªÅn n·ªâ l√¥ng th·ªè k√≠ch th∆∞·ªõc 2m*2m3 si√™u ·∫•m cao c·∫•p kh√¥ng r·ª•ng l√¥ng h√†ng l·ªçai 1,"236,0k",1k+,CHƒÇN GA G·ªêI ƒê·ªÜM GI√Å R·∫∫ 1,"19,5%",‚Ç´44.840,https://shopee.vn/product/1381275862/28314063511,https://s.shopee.vn/8AQJnO7Xi3
12121375005,C·ªët G·ª´ng Tr√†m Khuynh Di·ªáp T·∫Øm B√© Ng√¢m Ch√¢n 500ml [S·ªâ r·∫ª nh·∫•t],"100,0k",20k+,M·∫≠t Ong ƒêi·ªÅm Kim,"14,5%",‚Ç´14.000,https://shopee.vn/product/484256/12121375005,https://s.shopee.vn/AKUoNMzIJU
40258467426,Robot Tank Fidget ƒê·ªì ch∆°i bi·∫øn h√¨nh xe tƒÉng Robot Fidget Spinner ƒë·ªÉ gi·∫£m cƒÉng th·∫≥ng ADHD,"55,0k",770,dkvwky.vn,"7,5%",‚Ç´3.850,https://shopee.vn/product/1366439628/40258467426,https://s.shopee.vn/AUoEZfyeyX
27706747428,"S·∫°c D·ª± Ph√≤ng 30000mah S·∫°c Nhanh M√†n H√¨nh Led, T√≠ch H·ª£p 2 ƒê·∫ßu S·∫°c Ti·ªán D·ª•ng, S·∫°c Cho Iphone V√† Android","210,0k",400k+,HOCO TECK,"14,5%",‚Ç´29.400,https://shopee.vn/product/699159587/27706747428,https://s.shopee.vn/9zrxyl0YzS
6833655915,SPECIAL COMBO chƒÉm s√≥c da m·ª•n to√†n di·ªán Cocoon - t·∫∑ng 1 th·∫°ch b√≠ ƒëao Cocoon 30ml,"940,0k",1k+,Cocoon Vietnam Ch√≠nh H√£ng,"12,5%",‚Ç´112.800,https://shopee.vn/product/175753395/6833655915,https://s.shopee.vn/AABOB3zveV
29675368137,Mi·∫øng d√°n c·∫Øt t√≥c k·∫πp t√≥c cho b√© g√°i d·ªÖ th∆∞∆°ng cho b√© kh√¥ng l√†m t·ªïn th∆∞∆°ng t√≥c,"28,5k",20k+,FashionAcc3.vn,12%,‚Ç´3.416,https://shopee.vn/product/483413700/29675368137,https://s.shopee.vn/9fF7a91pfQ
14439680395,(GIFT) G·∫•u b√¥ng tr√°i b∆° tr√≤n nh·ªè size 15cm cho b√© xinh cute G·∫•u Xinh G12.1,"36,0k",90k+,G·∫•u Xinh - G·∫•u B√¥ng Cao C·∫•p,"14,5%",‚Ç´5.040,https://shopee.vn/product/622469888/14439680395,https://s.shopee.vn/9pYXmS1CKT
2657129141,"ƒê√®n Ng·ªß C·∫£m ·ª®ng B√≥ng Led C·∫£m Bi·∫øn √Ånh S√°ng T·ª± ƒê·ªông B·∫≠t T·∫Øt, ƒê√®n Decor Ph√≤ng Ng·ªß Mini C·∫Øm ƒêi·ªán Tr·ª±c Ti·∫øp H√¨nh D·ªÖ Th∆∞∆°ng","28,0k",100k+,Shop Li√™n T√≠t - Home Decor,"14,5%",‚Ç´3.920,https://shopee.vn/product/402393/2657129141,https://s.shopee.vn/9KcHBX36LO
10813919352,MEMBERGIFT - H√ÄNG T·∫∂NG KO B√ÅN - T·∫©y da ch·∫øt m√¥i c√† ph√™ ƒê·∫Øk L·∫Øk Cocoon m√¥i ·∫©m m·ªÅm 5g,"500,0k",481,Cocoon Vietnam Ch√≠nh H√£ng,"12,5%",‚Ç´60.000,https://shopee.vn/product/175753395/10813919352,https://s.shopee.vn/9UvhNq2T0R
22248341413,"B√°nh thuy·ªÅn si√™u h·∫°t ƒÉn ki√™ng, b√°nh thuy·ªÅn mix h·∫°t dinh d∆∞·ª°ng Annut ƒÉn ki√™ng - T√∫i 500g","110,0k",3k+,N√¥ng S·∫£n Annut.,"14,5%",‚Ç´15.400,https://shopee.vn/product/502570441/22248341413,https://s.shopee.vn/10x9GDYpFo
11526582452,"T·ªïng h·ª£p ƒë·ªì ch∆°i nh√† t·∫Øm cho b√©, ƒë·ªì ch∆°i phun n∆∞·ªõc trong ph√≤ng t·∫Øm","70,0k",50k+,ƒê·ªì Ch∆°i ZOZO,"7,5%",‚Ç´4.900,https://shopee.vn/product/466965128/11526582452,https://s.shopee.vn/1BGZSWYBur
22462146880,·∫§m Si√™u T·ªëc ƒêun N∆∞·ªõc Dung T√≠ch 2.5 L√≠t B√¨nh Si√™u T·ªëc 2 L·ªõp C√°ch Nhi·ªát T·ª± Ng·∫Øt Khi S√¥i C√¥ng Su·∫•t 1500W - ST3,"169,0k",500k+,Gia D·ª•ng Vi·ªát_123,"12,5%",‚Ç´20.280,https://shopee.vn/product/543219209/22462146880,https://s.shopee.vn/gKIrba5vm
14668335106,"Son D∆∞·ª°ng H·ªìng M√¥i L·ª±u ƒê·ªè CELIO 10g gi√∫p gi·∫£m th√¢m, h·ªìng m√¥i d∆∞·ª°ng ·∫©m cƒÉng m·ªçng quy·∫øn r≈©","99,0k",40k+,Celio  Store,"19,5%",‚Ç´18.810,https://shopee.vn/product/422385389/14668335106,https://s.shopee.vn/qdj3uZSap
